Interval 1,Interval 2,Interval 3,Interval 4,Interval 4_1,Interval 5_1,Interval 6_1,Target
1.7939358825801468,1.119603832490042,1.1880288461538462,1.2625956051960665,2.3861529548088067,3.0127462340672073,3.5792777134028584,0
1.2660293549633064,1.4169781099839829,1.119603832490042,1.1217788461538463,2.008497489378138,2.253089996137505,2.527809965237543,1
1.7882301939958818,1.0633333333333332,1.0518666286691367,1.0295312923327011,2.000108377587515,2.0591741627831364,2.389183916766013,0
1.252364574376612,1.332131822863028,1.1988790104367995,1.1215003492933526,2.000107480653482,2.2431212381771277,2.514187446259673,1
1.389735916204958,1.0198172506111047,1.0933942074475675,1.0249230126833342,1.5496420916407165,1.5882638411453067,2.000040441622518,1
1.0606060606060606,1.0986857142857143,1.0236646382691006,1.1847373234427396,1.1928484848484848,1.4132121212121214,1.685939393939394,0
1.8910289334018149,1.0205513557557375,1.0363273453093813,1.2607002225646295,2.0,2.521400445129259,2.999914398219483,1
1.7835401038661283,1.1231851821895096,1.2585964785943182,1.1209269060220282,2.5212781304096943,2.8261684939411427,3.006491633006348,1
1.1219247053438608,1.3370391146922331,1.3333206194217713,1.12189261092199,2.0000572147843,2.2438494106877216,2.51745050921158,1
1.2601297764960346,1.3408284700766677,1.1855344570087476,1.1220530540258433,2.0031002162941602,2.2475847152126893,2.520331651045422,1
1.3382537307396773,1.4120757910005741,1.0252958674856079,1.0094971717213885,1.9375176932098515,1.955918631455494,2.000040441622518,0
1.499939474639874,1.2526833992413848,1.0644246875402654,1.2631642658273816,2.0,2.5263285316547632,2.9421377557196466,1
1.0577455205261965,1.2612145123938587,1.191642014349349,1.256812669425025,1.5897028804717623,1.9979587207983671,2.115491041052393,1
1.4168989191761265,1.119410861638841,1.1238160545150646,1.1203569521775607,1.782475698456937,1.9970090408537826,2.38066752770036,1
1.4144067071605784,1.3817214056735014,1.0253020486779898,1.1878575698061653,2.003764222773548,2.380186500128326,2.8250491915476093,0
1.785995548707413,1.1198236196319018,1.2607002225646295,1.1897810218978102,2.521400445129259,2.999914398219483,3.354048964218456,1
1.7694882831181253,1.1302162162162162,1.1826007939164953,1.261050673353015,2.365088474414156,2.982496413199426,3.5432807269249165,0
1.3358332856243202,1.2590751296447091,1.1921165497991697,1.1230940551653246,2.0050380717925234,2.2518463388103283,2.669147535352379,1
1.7895143132840143,1.1192752893809763,1.1897803186022609,1.2601430692401134,2.38308137664844,3.00302348021872,3.371437761338051,0
1.2597142857142856,1.1216602404173284,1.4172766611396448,1.256812669425025,2.0025714285714287,2.516857142857143,2.826,1
1.054232277869365,1.257373955244001,1.192983960888584,1.240204184341074,1.5813768404297652,1.9612301745210619,1.992211926553351,1
1.0266659708813861,1.4137440276507063,1.411375566261595,1.0142143876095373,2.0485310233262015,2.0776496373219224,2.9028857694515473,0
1.4211000321646832,1.2592458467249106,1.1192752893809763,1.2584146968139773,2.0029591508523645,2.5205532325506597,2.845094885815375,1
1.5060120240480963,1.3333333333333333,1.1209853021230267,1.125895350248877,2.250956458371288,2.5343414100929134,3.0080160320641283,1
1.055568181818182,1.3301216492625687,1.3381490024685363,1.1222971542625577,1.8788068181818183,2.1085795454545457,2.3661363636363637,0
1.7863571282470851,1.1221159901528597,1.1904591836734695,1.2628894698495692,2.386275311924729,3.0136019635917366,3.581714051953365,0
1.5044998977295971,1.3323363469512608,1.1246938775510205,1.1209853021230267,2.254448762528124,2.527203927183473,3.004499897729597,1
1.4963580446746518,1.3413380929201149,1.2580645161290323,1.168076923076923,2.5250890255746197,2.9494982194885075,2.9962771123340888,1
1.5060120240480963,1.330671989354624,1.2646363636363638,1.1869024512975344,2.5343414100929134,3.0080160320641283,3.3764802331936603,1
1.5060120240480963,1.260751224823081,1.0575705238917674,1.2621121393576484,2.0080160320641283,2.5343414100929134,3.0161231554017127,1
1.1217999567318095,1.3399331447672924,1.258011897908271,1.0593394859278467,1.8909641595153965,2.003173000649023,2.243527799812505,1
1.7835401038661283,1.1231851821895096,1.2585964785943182,1.1924474324131025,2.5212781304096943,3.006491633006348,3.363819965377958,1
1.7016595908915477,1.0515422998412336,1.0245349150714478,1.0933157894736842,1.8332690081049787,2.004341952913933,2.385854882284832,0
1.788506042684495,1.1182158004456904,1.1914435408697888,1.2589904767043463,2.382810491128825,2.9999357161223967,3.57701208536899,0
1.3380543865328587,1.338716506381177,1.1204988026928115,1.1881854838709678,2.0071220459695693,2.38483327937844,2.6725477500809327,0
1.25476944135512,1.3363332651530648,1.1927551020408163,1.1216528359996578,2.0,2.2433056719993156,2.5094533321926598,1
1.4210238659136454,1.4130769230769231,1.1895300308473962,1.1864464953092821,2.3885953725633087,2.8339406084897067,3.0080160320641283,0
1.3154382887863654,1.0157971014492753,1.3333428449136824,1.0252958674856079,1.7816372440614634,1.8267053036946659,1.9982842109276702,1
1.7970652173913044,1.0699207645315427,1.0452258465713156,1.1273730326139868,2.009673913043478,2.2656521739130433,2.5361956521739133,1
1.4982838837617267,1.332620647525962,1.1901596760638706,1.2439337527282064,2.376325223095111,2.9559911524673934,2.9999999999999996,0
1.7925572312032114,1.1183876044062462,1.1929862539235847,1.256396298312466,2.3916675707930994,3.004882282738418,3.3775631984376693,0
1.785995548707413,1.1198236196319018,1.2607002225646295,1.1897810218978102,2.521400445129259,2.999914398219483,3.1711179592535528,1
1.9004837595024189,1.0523636363636364,1.2695807417645704,1.18557496030846,2.5391614835291407,3.010366275051832,3.3873531444367657,1
1.7882301939958818,1.0633333333333332,1.0518666286691367,1.0295312923327011,2.000108377587515,2.0591741627831364,2.527148585672483,1
1.118308836871711,1.3365244199253612,1.2625956051960665,1.058397435897436,1.8871348212665577,1.9973386560212907,2.2392790177221316,1
1.262261973456434,1.2623428571428572,1.1193246118328732,1.1231851821895096,1.7835401038661283,2.003245816503174,2.5212781304096943,1
1.331792777300086,1.3333871358243887,1.1263164265827381,1.1892632597130421,2.000107480653482,2.3786543422184003,2.663693035253654,0
1.2652483355016455,1.1855077723341196,1.337857142857143,1.2593242315612845,2.006734522078519,2.527129409964032,2.999923471340017,1
1.506382058123603,1.3297907989851117,1.2591979264165887,1.1867745439990853,2.5223912886709456,2.9935097713997263,4.012692002596093,1
1.5060120240480963,1.330671989354624,1.2646363636363638,1.1869024512975344,2.5343414100929134,3.0080160320641283,4.028238294771361,1
1.504155392346347,1.2625762929649855,1.0575513942601262,1.2615118125390945,2.0084074217240047,2.5336296868960186,3.0084074217240047,1
1.0606060606060606,1.4129714285714285,1.2591903587171918,1.064234326824255,1.887030303030303,2.0082424242424244,3.0055151515151515,0
1.499939474639874,1.3018319748204343,1.02690471762445,1.1837609417446422,2.005205180970827,2.373683573417262,2.9421377557196466,0
1.054232277869365,1.257373955244001,1.2612145123938587,1.2612125539800743,1.6718208174634754,2.1085214029901658,2.139503155022455,1
1.1963836584868464,1.055568181818182,1.1865647540101194,1.2621121393576484,1.4984705322547751,1.8912378492284685,1.9970090408537826,1
1.7747035573122532,1.1268916680943406,1.2522677747934932,1.1996276961676986,2.5044086348434176,3.0043579608797,3.342251950947603,1
1.7925572312032114,1.1183876044062462,1.1929862539235847,1.256396298312466,2.3916675707930994,3.004882282738418,3.3775631984376693,0
1.4982838837617267,1.332620647525962,1.2631599052639624,1.186802552393625,2.522080695599115,2.993211806879719,3.362748836854549,1
1.6738402678144428,1.1948,1.1826007939164953,1.1912079912646096,2.365088474414156,2.8173122907699666,2.9999043519846964,0
1.1229039511725023,1.3358507838425449,1.333347610073668,1.0167357296585398,2.0000642467073564,2.0335367812399614,2.2514616125923546,1
1.5058861370215504,1.1883463625101456,1.1192752893809763,1.2584146968139773,2.0029591508523645,2.5205532325506597,3.0117722740431008,1
1.7798471310151793,1.126353353898264,1.2577596391365051,1.1916574161045173,2.5214770158251696,3.00473678544515,3.3588114974701258,1
1.4170158498815812,1.414245307276935,1.191909090909091,1.1864464953092821,2.3885953725633087,2.8339406084897067,3.0080160320641283,0
1.2554204660587638,1.1824711484141717,1.347188097188097,1.026445108668119,1.9998986828774061,2.0527862208713272,2.466869300911854,1
1.25476944135512,1.4211495193291062,1.1215697562847822,1.2547266660963299,2.0,2.5094533321926598,2.5475233125160406,1
1.4844984802431611,1.1928746928746927,1.129362627302895,1.1872435280409341,1.9998986828774061,2.374366767983789,2.973454913880446,0
1.3358507838425449,1.2588658557478158,1.1922972237343494,1.014895559867595,2.005034901018423,2.034901018423161,2.674219018194301,1
1.5060120240480963,1.3333333333333333,1.1895300308473962,1.2593242315612845,2.3885953725633087,3.0080160320641283,3.37238112588814,0
1.2652483355016455,1.4166817879392728,1.119545726240287,1.1237510487377012,2.006734522078519,2.255070023723885,2.527129409964032,1
1.3421678996461885,1.3333013803680982,1.1192752893809763,1.1897803186022609,2.0029591508523645,2.38308137664844,2.681376648440013,0
1.19225499387034,1.1855077723341196,1.260765306122449,1.1241147667030875,1.782000432681907,2.003173000649023,2.381336987091657,0
1.486470051687443,1.3454012408808893,1.1216236760756093,1.1164776577960511,2.2431336779162865,2.5044086348434176,2.9728387554474507,1
1.506382058123603,1.1829671118770646,1.1241147667030875,1.2591979264165887,2.003173000649023,2.5223912886709456,2.9935097713997263,1
1.0986857142857143,1.0236646382691006,1.1847373234427396,1.192983960888584,1.332457142857143,1.5896000000000001,1.6181714285714286,0
1.7899034038638457,1.1145518792161901,1.2004842056721237,1.1190338999327765,2.394894204231831,2.679967801287949,3.0049448022079117,0
1.7882301939958818,1.0633333333333332,1.0518666286691367,1.0295312923327011,2.000108377587515,2.0591741627831364,2.527148585672483,1
1.5058861370215504,1.1203810500234952,1.1871735234681817,1.1897803186022609,2.0029591508523645,2.38308137664844,3.0117722740431008,0
1.2627821446599843,1.4111701216378276,1.1241147667030875,1.1231910144718844,2.003173000649023,2.2499459147616645,2.5223912886709456,1
1.7697495183044316,1.124251497005988,1.2605011499818424,1.158695860943052,2.5079479768786124,2.905948940269749,2.9739884393063583,1
1.5046863734679163,1.3291327264015333,1.1881106024009518,1.2651636981521377,2.376135544340303,3.00620043258832,3.3635904830569574,0
1.3291806420699568,1.3354001441961068,1.1290897311305474,1.1829484052981398,2.0041207474844276,2.3707714422616197,2.662482031624341,0
1.4900375725833999,1.3355238022465041,1.1940725483464927,1.2562529947292767,2.3761812592508256,2.985084822953433,3.9800751451667993,0
1.4874940105414471,1.347313490529571,1.1829484052981398,1.2583774606895994,2.3707714422616197,2.9833253473885963,3.3499760421657885,0
1.4936090765474652,1.331923076923077,1.1892867455963039,1.2625956051960665,2.365934223754129,2.9872181530949304,3.00847335918426,0
1.187034639041761,1.5090338855935095,1.1204988026928115,1.1218548387096776,2.0071220459695693,2.251699579151829,2.373988345742959,0
1.2602766162753298,1.4199377265070696,1.1192752893809763,1.1226554470709147,2.0029591508523645,2.248633000964941,2.5234480540366677,1
1.7863571282470851,1.1246350260491214,1.2579413561392792,1.1888632592772448,2.527203927183473,3.004499897729597,3.381775414195132,1
1.495606439612597,1.124753409383309,1.1871735234681817,1.0160585817060637,1.9970495798858316,2.0291193637354885,2.5189532422551473,1
1.504786629888042,1.330673567680253,1.2605207714332018,1.192362911693488,2.5240413218670565,3.009573259776084,3.3581589052950407,1
1.495606439612597,1.124753409383309,1.1871735234681817,1.0160585817060637,1.9970495798858316,2.0291193637354885,2.5189532422551473,0
1.5060120240480963,1.330671989354624,1.1232272727272727,1.125895350248877,2.250956458371288,2.5343414100929134,3.0080160320641283,1
1.3952359768673919,1.0157971014492753,1.3943215865316023,1.013015717092338,1.9761394427144416,2.001860314635823,2.023900998908076,0
1.2565605003954274,1.3341725075096553,1.192983960888584,1.1160220001437917,2.0,2.2320440002875834,2.5130850528434827,1
1.6746689632899128,1.197094368732322,1.1885404360433895,1.257037003569331,2.3827107331252018,2.9951555603401876,3.3492302723651632,0
1.183071620068939,1.187034639041761,1.4272175632371993,1.1826302966607747,2.0043086939869785,2.3703561853695905,2.808598238222903,0
1.504155392346347,1.3352393189849021,1.2615118125390945,1.1873903425127774,2.5336296868960186,3.0084074217240047,4.0252222651720135,1
1.1909708960354441,1.495606439612597,1.122823569774423,1.1232526163012757,2.0,2.2465052326025514,2.3784279275838363,0
1.5046863734679163,1.2562529947292767,1.0596918147837362,1.1862289889500774,2.0031002162941602,2.376135544340303,2.993655371304975,0
1.0606060606060606,1.5896000000000001,1.1895535264936372,1.1868181680819558,2.0055151515151515,2.380181818181818,2.4269696969696968,0
1.1200883850513979,1.192983960888584,1.1895535264936372,1.0274697047535584,1.5895378998943224,1.6332020366990103,1.6790757997886445,0
1.4168989191761265,1.119410861638841,1.2590751296447091,1.125570154537409,1.9970090408537826,2.247773774726395,2.3776765685541426,1
1.25476944135512,1.5090338855935095,1.0562508471513126,1.1216528359996578,2.0,2.2433056719993156,2.5094533321926598,1
1.4139567699313706,1.2350646405080516,1.0217063943879239,1.1192752893809763,1.7842344942595088,1.9970495798858316,2.0291193637354885,0
1.5058861370215504,1.1883463625101456,1.1192752893809763,1.2584146968139773,2.0029591508523645,2.5205532325506597,3.0117722740431008,1
1.2653513513513515,1.4077918749199025,1.1241086329843726,1.1214738831151303,2.0024324324324323,2.2456756756756757,2.530702702702703,1
1.7702987361164304,1.1321867056087405,1.1804805809009697,1.2625956051960665,2.3660474913826124,2.9873611643048643,3.544810417464573,0
1.4211000321646832,1.2592458467249106,1.1192752893809763,1.2584146968139773,2.0029591508523645,2.5205532325506597,2.845094885815375,1
1.89470099441493,1.055575526637429,1.2615788039776596,1.188959373734647,2.5231576079553193,2.9999318893883666,3.3652772101893476,1
1.25476944135512,1.3363332651530648,1.1927551020408163,1.1216528359996578,2.0,2.2433056719993156,2.5094533321926598,1
1.3377287130736994,1.501642851684878,1.3318746183594545,1.1229464353939023,2.675457426147399,3.004395379740366,3.1821527138914445,0
1.3352575203643129,1.3122298011336344,1.0183029504356103,1.1192752893809763,1.7842344942595088,1.9970495798858316,2.0291193637354885,0
1.7842344942595088,1.1192752893809763,1.0160585817060637,1.1709761031735997,2.0291193637354885,2.3760502854210763,2.405233788724264,0
1.5097925525061202,1.3283976957542138,1.1899392888117952,1.2488122233020194,2.3865481252415925,2.9803504703002193,3.0168148434480093,0
1.504631521591064,1.3292290978226426,1.2615788039776596,1.1938723174517478,2.5231576079553193,3.0123280207056258,4.012328020705627,1
1.251148985063194,1.4149383944287135,1.1321867056087405,1.118903167247886,2.0043086939869785,2.242627345844504,2.510723860589813,1
1.5,1.3383682343517564,1.2583361833105338,1.1875997961610327,2.5261757638173705,3.0000858221764504,4.018795056642636,1
1.504944802207912,1.1893482081454878,1.1145518792161901,1.2706940281300438,1.9949402023919043,2.534958601655934,3.009889604415824,1
1.6885372443072173,1.1870285714285713,1.1903432340056805,1.1893476766287863,2.385854882284832,2.8376109610189113,3.0086839058278656,0
1.3360357077791947,1.3363332651530648,1.1224489795918366,1.191909090909091,2.004008016032064,2.3885953725633087,2.671980324284933,0
1.2653513513513515,1.1883463625101456,1.2565605003954274,1.059791160062938,1.8894594594594596,2.0024324324324323,2.530702702702703,1
1.1919357035826181,1.4986857142857142,1.1196095626644298,1.1222926031875766,2.0,2.2445852063751532,2.3808064296417384,0
1.415399547072145,1.1922285714285714,1.1873562116564418,1.1889960844467768,2.003639598835328,2.382319637657716,2.8271594953089614,0
1.3361183136464037,1.1890677783368073,1.2588932209024692,1.122128058003025,2.000048016901949,2.244309997118986,2.6701719005089792,0
1.4999617356700086,1.3106632653061223,1.0190353847950484,1.2597601039040416,2.003367261039259,2.5237621489247726,2.999923471340017,1
1.6884737449509524,1.1864240249476699,1.1865840924639037,1.1889546351084812,2.377019619157531,2.8261684939411427,3.006491633006348,0
1.180547112462006,1.2574665293511844,1.347188097188097,1.1850650995491159,1.9998986828774061,2.370010131712259,2.819250253292806,0
1.7939358825801468,1.119603832490042,1.1880288461538462,1.2625956051960665,2.3861529548088067,3.0127462340672073,3.5792777134028584,0
1.5027973729019704,1.3344933635480736,1.2641154709200073,1.1684897332565727,2.535149598637801,2.9622962782777913,3.016297737776697,1
1.2602456663988062,1.4210238659136454,1.113974358974359,1.1303947519852686,1.9949489151647342,2.2550797841809205,2.5305935024681436,1
1.193336005038072,1.258011897908271,1.3118755243688505,1.0180813953488372,1.9694280643499171,2.0050380717925234,2.0305146848342592,1
1.5044998977295971,1.3323363469512608,1.1246938775510205,1.1209853021230267,2.254448762528124,2.527203927183473,3.004499897729597,1
1.1216602404173284,1.2591903587171918,1.1897803186022609,1.1251720880010798,1.6804264005443412,1.8907688818326152,1.9979587207983671,1
1.6884737449509524,1.1864240249476699,1.1865840924639037,1.1889546351084812,2.377019619157531,2.8261684939411427,3.006491633006348,0
1.4947946089903963,1.3380304502753484,1.1877093168704353,1.258501783590963,2.375514486320717,2.9895892179807926,3.3509805503994836,0
1.1941081081081082,1.1872255669729754,1.4124756929881421,1.1938723174517478,2.0024324324324323,2.3906486486486487,2.835405405405405,0
1.335327306097478,1.1877927102423131,1.1238160545150646,1.1203569521775607,1.782475698456937,1.9970090408537826,2.38066752770036,1
1.340043723811259,1.335327306097478,1.122174709835064,1.1895300308473962,2.0080160320641283,2.3885953725633087,2.6760794315904533,0
1.1253287152844589,1.1218010829296097,1.3879687023676457,1.0183029504356103,1.7521647104098519,1.7842344942595088,1.8163042781091656,1
1.4874940105414471,1.347313490529571,1.2536699660498256,1.1873903425127774,2.5125059894585533,2.9833253473885963,3.979108768567322,1
1.193336005038072,1.119410861638841,1.1923884626923242,1.2364316008913807,1.5928321978588198,1.9694280643499171,2.0050380717925234,0
1.68884800163549,1.186841786708631,1.1241776735172624,1.120304844855743,2.2532965348052745,2.5243790248390066,3.004395379740366,1
1.6887273516328523,1.1313202698361708,1.049349764325061,1.127070029223942,2.004773787566453,2.2595204513399154,2.5284799826407727,1
1.2602766162753298,1.5034965034965035,1.0570701069427941,1.1226554470709147,2.0029591508523645,2.248633000964941,2.5234480540366677,1
1.259964001028542,1.4194897959183674,1.1182158004456904,1.1242968724888303,1.9999357161223965,2.2485214708151195,2.519928002057084,1
1.25476944135512,1.4211495193291062,1.1215697562847822,1.1216528359996578,2.0,2.2433056719993156,2.5094533321926598,1
1.5058861370215504,1.1203810500234952,1.1871735234681817,1.2584146968139773,2.0029591508523645,2.5205532325506597,3.0117722740431008,0
1.4147249098299652,1.258993970296629,1.1257111632541545,1.1230940551653246,2.0050380717925234,2.2518463388103283,2.282418274460411,1
1.684171093856423,1.060662433776843,1.1196095626644298,1.1904032148208692,2.0,2.3808064296417384,2.9999318893883666,0
1.4980751133544359,1.3045514248186854,1.0253020486779898,1.2580906839723338,2.003764222773548,2.5209171015484646,2.946702027547267,1
1.4170158498815812,1.414245307276935,1.191909090909091,1.1864464953092821,2.3885953725633087,2.8339406084897067,3.0080160320641283,0
1.1818279685649693,1.5060120240480963,1.126353353898264,1.119321232950274,2.00473678544515,2.243944450425234,2.3683927225750887,0
1.2660293549633064,1.4982838837617267,1.0588474852372225,1.1217788461538463,2.008497489378138,2.253089996137505,2.527809965237543,1
1.7924235508900048,1.1226828274597676,1.2350646405080516,1.0217063943879239,2.4853491556366953,2.539297124600639,3.0164308534915563,1
1.4999617356700086,1.260765306122449,1.0611468576747198,1.1898405918694226,2.006734522078519,2.3876941914747074,2.999923471340017,0
1.4907566638005156,1.3416726748377794,1.259336880004299,1.1855344570087476,2.518809114359415,2.9861349957007737,3.934759243336199,1
1.5014984334559325,1.1897028804717622,1.1196095626644298,1.1934681923443673,2.0,2.3869363846887346,2.9999318893883666,0
1.7694882831181253,1.1302162162162162,1.2543402362618967,1.1958668547679872,2.5085604973696793,2.9999043519846964,3.1520803443328553,1
1.9004837595024189,1.0523636363636364,1.2695807417645704,1.1608528010886823,2.5391614835291407,2.947592720571297,3.010366275051832,1
1.5775478281795212,1.1220349324994279,1.1208619400448643,1.2641154709200073,1.9839971122608588,2.5080014438695706,2.9839971122608593,1
1.1253846153846154,1.0911369332421963,1.0254750469826686,1.3868865811443698,1.2592307692307692,1.7464102564102564,1.7834615384615387,1
1.3315579227696406,1.332,1.1276276276276276,1.186841786708631,2.0,2.373683573417262,2.663115845539281,0
1.5058861370215504,1.2582767311717715,1.0570701069427941,1.2584146968139773,2.0029591508523645,2.5205532325506597,3.0117722740431008,1
1.121972225212617,1.3347725964306276,1.2587880094888937,1.0583918679687054,1.8851329529551084,1.9952093874475187,2.241576057702659,1
1.4874940105414471,1.347313490529571,1.1829484052981398,1.2583774606895994,2.3707714422616197,2.9833253473885963,3.3499760421657885,0
1.7834615384615387,1.1182158004456904,1.1899971071325255,1.2617092539571064,2.3732051282051283,2.994294871794872,3.5669230769230773,0
1.3343549925078328,1.3387269664641928,1.1196095626644298,1.1904032148208692,2.0,2.3808064296417384,2.6717749625391636,0
1.055568181818182,1.3014318010550112,1.022044834146745,1.0180081744971874,1.404034090909091,1.429318181818182,1.7702272727272728,1
1.4874940105414471,1.2633036979770649,1.0665000764954866,1.1829484052981398,2.0041207474844276,2.3707714422616197,2.9374221370388116,0
1.795784381478922,1.1137194535308832,1.2695807417645704,1.1608528010886823,2.5391614835291407,2.947592720571297,3.010366275051832,1
1.6973176379776147,1.054232277869365,1.0245349150714478,1.0933157894736842,1.8332690081049787,2.004341952913933,2.249903512157468,1
1.1933926993406294,1.058213716108453,1.4114544084400906,1.1203569521775607,1.782475698456937,1.9970090408537826,2.247773774726395,1
1.5882032420651138,1.124753409383309,1.1196095626644298,1.2615788039776596,2.0,2.5231576079553193,3.1764064841302275,1
1.4148685403445151,1.3883549062326455,1.0167692307692306,1.1857164472688757,1.9972801450589304,2.3682079177999396,2.8297370806890303,0
1.494722701976588,1.3366285787649248,1.0117423878589953,1.1729997863907151,2.0213490692765306,2.3710420264824412,2.9830166954519286,0
1.5046863734679163,1.2562529947292767,1.0596918147837362,1.1862289889500774,2.0031002162941602,2.376135544340303,2.993655371304975,0
1.4199377265070696,1.2565605003954274,1.1222142754970676,1.188875009559742,2.002296973099893,2.380480833035578,2.8398754530141392,0
1.1855210132412206,1.4172635668325848,1.189081148992062,1.0117423878589953,1.997889080790635,2.0213490692765306,2.373200921128382,1
1.4874940105414471,1.2633036979770649,1.0665000764954866,1.1829484052981398,2.0041207474844276,2.3707714422616197,2.9374221370388116,0
1.4999617356700086,1.195,1.119545726240287,1.1898405918694226,2.006734522078519,2.3876941914747074,2.999923471340017,0
1.2660293549633064,1.4982838837617267,1.0588474852372225,1.1217788461538463,2.008497489378138,2.253089996137505,2.527809965237543,1
1.5906722418784176,1.1250050552028148,1.1192752893809763,1.2584146968139773,2.0029591508523645,2.5205532325506597,3.00302348021872,1
1.795784381478922,1.1137194535308832,1.2695807417645704,1.1216602404173284,2.5391614835291407,2.848076480073716,3.010366275051832,1
1.0569962952408094,1.4142356430304663,1.2617150264994093,1.0274697047535584,1.8860644058136224,1.937874038187518,2.1140495867768596,0
1.504631521591064,1.2592458467249106,1.055575526637429,1.1904032148208692,2.0,2.3808064296417384,3.0123280207056258,0
1.1229039511725023,1.3358507838425449,1.333347610073668,1.0167357296585398,2.0000642467073564,2.0335367812399614,2.2514616125923546,1
1.4205291618385478,1.3837264631908095,1.0218117508351345,1.1602403846153846,2.008497489378138,2.3303398995751254,2.3861529548088067,0
1.3952359768673919,1.0157971014492753,1.3333428449136824,1.0214009031181115,1.889715695393699,1.9301573179115945,1.955918631455494,1
1.4982838837617267,1.2579413561392792,1.0593662741289303,1.1901596760638706,1.9966440393562652,2.376325223095111,2.9525589199908473,0
1.25476944135512,1.5090338855935095,1.0562508471513126,1.1216528359996578,2.0,2.2433056719993156,2.5094533321926598,1
1.4980751133544359,1.190337502141511,1.1215697562847822,1.190093250064163,2.0,2.380186500128326,2.9923860039353234,0
1.4980751133544359,1.190337502141511,1.1215697562847822,1.190093250064163,2.0,2.380186500128326,2.9923860039353234,0
1.25476944135512,1.4211495193291062,1.1215697562847822,1.1216528359996578,2.0,2.2433056719993156,2.5094533321926598,1
1.3358507838425449,1.1917937296556451,1.257816430676346,1.0124285714285715,2.0025174505092114,2.0274058816798264,2.674219018194301,0
1.5851919008763977,1.2599611087810272,1.1857164472688757,1.190240416517789,2.3682079177999396,2.8187367784829256,2.9945602901178607,1
1.7551151305240202,1.0165911416459583,1.1192752893809763,1.0160585817060637,1.9970495798858316,2.0291193637354885,2.4868834584054906,1
1.7940664862775415,1.1194721249663346,1.1882788817783765,1.2623096857790734,2.3865481252415925,3.0125628140703515,3.5839775802087357,0
1.1253287152844589,1.1218010829296097,1.3879687023676457,1.0183029504356103,1.7521647104098519,1.7842344942595088,1.8163042781091656,1
1.19225499387034,1.1855077723341196,1.3945408163265305,1.0162806863498335,1.9710824259032236,2.003173000649023,2.381336987091657,0
1.504631521591064,1.1872255669729754,1.1196095626644298,1.2615788039776596,2.0,2.5231576079553193,3.0123280207056258,1
1.4210238659136454,1.2592307692307692,1.122174709835064,1.1895300308473962,2.0080160320641283,2.3885953725633087,2.8339406084897067,0
1.325937183383992,1.3355238022465041,1.129362627302895,1.1872435280409341,1.9998986828774061,2.374366767983789,2.6563323201621074,0
1.5058861370215504,1.2582767311717715,1.0570701069427941,1.1897803186022609,2.0029591508523645,2.38308137664844,3.0117722740431008,0
1.4129714285714285,1.1893476766287863,1.191642014349349,1.1893850763304323,2.0025714285714287,2.381828571428571,2.826,0
1.4980751133544359,1.2639483753069498,1.0562508471513126,1.190093250064163,2.0,2.380186500128326,2.9923860039353234,0
1.8962786156016056,1.0572147843002633,1.1929862539235847,1.262293594628924,2.3916675707930994,3.018986655093848,3.802104806336118,0
1.7870647617418085,1.1191536215232898,1.190093250064163,1.2572065272086836,2.380186500128326,2.9923860039353234,3.566515527418941,0
1.3377287130736994,1.501642851684878,1.2566659881945859,1.059847748623259,2.5243790248390066,2.675457426147399,3.004395379740366,1
1.337857142857143,1.257646251239417,1.188671235369034,1.190484693877551,2.0,2.380969387755102,2.6780102040816325,1
1.2605849867048475,1.4182486884093246,1.1186408359392874,1.1242627757133603,1.9999318197313698,2.2484488988886615,2.524169905229427,1
1.25476944135512,1.4211495193291062,1.1215697562847822,1.2547266660963299,2.0,2.5094533321926598,2.5475233125160406,1
1.3377287130736994,1.2624742110491327,1.186841786708631,1.1906777500127492,2.004395379740366,2.3865889808852088,2.675457426147399,1
1.7741281427412814,1.127257142857143,1.2534597252496578,1.1250050552028148,2.506792376317924,2.820154095701541,3.004460665044607,1
1.6813538833484438,1.1878999209145158,1.1857164472688757,1.2644836914909907,2.3682079177999396,2.9945602901178607,3.3627077666968876,0
1.3437476128637995,1.0258086521516685,1.027708506511499,1.0245349150714478,1.416622106790925,1.4513788098693758,1.7812237415017953,1
1.1932608695652174,1.5060120240480963,1.0699207645315427,1.0452258465713156,1.9227173913043476,2.009673913043478,2.2656521739130433,0
1.5014984334559325,1.3340440009072352,1.2596484069502534,1.188959373734647,2.5231576079553193,2.9999318893883666,4.006129955046996,1
1.495606439612597,1.124753409383309,1.1871735234681817,1.1897803186022609,1.9970495798858316,2.3760502854210763,3.0,0
1.251148985063194,1.4149383944287135,1.1321867056087405,1.118903167247886,2.0043086939869785,2.242627345844504,2.510723860589813,1
1.4139567699313706,1.4123837604899072,1.1897803186022609,1.188959373734647,2.3760502854210763,2.8250272593162724,2.9941632993393625,0
1.4126717263906234,1.2596484069502534,1.1239303549736808,1.186689403400903,2.0,2.373378806801806,2.829714669997118,0
1.413184630662287,1.2653513513513515,1.1203810500234952,1.1889274411865636,2.0034374761286378,2.3819417920708883,2.8298067374532123,0
1.187034639041761,1.5090338855935095,1.1185108209460985,1.184884472451123,2.0035610229847847,2.373988345742959,3.0071220459695693,0
1.5060120240480963,1.1855077723341196,1.1224489795918366,1.2646363636363638,2.004008016032064,2.5343414100929134,3.0080160320641283,1
1.785388959737657,1.1224489795918366,1.2646363636363638,1.1869024512975344,2.5343414100929134,3.0080160320641283,3.18619056294407,1
1.0569962952408094,1.4142356430304663,1.2617150264994093,1.0274697047535584,1.8860644058136224,1.937874038187518,2.1140495867768596,0
1.7694882831181253,1.1302162162162162,1.2543402362618967,1.1958668547679872,2.5085604973696793,2.9999043519846964,3.3433763749402203,1
1.2653513513513515,1.2582767311717715,1.2391784077406212,1.014931506849315,1.972972972972973,2.0024324324324323,2.530702702702703,1
1.499939474639874,1.3018319748204343,1.02690471762445,1.2598853003320252,2.005205180970827,2.5263285316547632,2.9421377557196466,1
1.413181818181818,1.4152460598263108,1.1921363636363635,1.1871735234681817,2.384272727272727,2.8305454545454545,3.0,0
1.1818279685649693,1.5060120240480963,1.126353353898264,1.119321232950274,2.00473678544515,2.243944450425234,2.3683927225750887,0
1.495606439612597,1.2612145123938587,1.058723520010881,1.0160585817060637,1.9970495798858316,2.0291193637354885,2.5189532422551473,1
1.2652483355016455,1.4166817879392728,1.119545726240287,1.2593242315612845,2.006734522078519,2.527129409964032,3.0067345220785184,1
1.5906722418784176,1.1250050552028148,1.1192752893809763,1.2584146968139773,2.0029591508523645,2.5205532325506597,3.00302348021872,1
1.4117618865030677,1.2576812086233236,1.1251720880010798,1.1853797802408714,1.997795245398773,2.3681460889570554,2.8234758435582825,0
1.2660293549633064,1.3830371443825795,1.0245408922958141,1.119603832490042,1.7939358825801468,2.008497489378138,2.253089996137505,1
1.3068138971182333,1.0179300111289724,1.0193553611920958,1.1675538253753874,1.3559924589280905,1.5831941826016698,1.9976838136277941,0
1.2653513513513515,1.4077918749199025,1.1241086329843726,1.1214738831151303,2.0024324324324323,2.2456756756756757,2.530702702702703,1
1.4168989191761265,1.119410861638841,1.1238160545150646,1.1203569521775607,1.782475698456937,1.9970090408537826,2.247773774726395,1
1.0569962952408094,1.257373955244001,1.3352774680504331,1.1912577081192188,1.77463664861784,2.1140495867768596,2.3757195782274154,1
1.501642851684878,1.3318746183594545,1.1893864139986245,1.261154476245543,2.378772827997249,3.0,3.3687628944754335,0
1.5056569812291076,1.2580906839723338,1.0557912240811755,1.2600045000160713,1.9999357161223965,2.519928002057084,3.0113139624582153,0
1.2660293549633064,1.2610022118831514,1.0618762475049899,1.1847801321485532,1.6952491309385862,2.008497489378138,2.527809965237543,1
1.19225499387034,1.260751224823081,1.1855210132412206,1.1241147667030875,1.782000432681907,2.003173000649023,2.381336987091657,0
1.7697495183044316,1.124251497005988,1.1894443771940444,1.2566659881945859,2.3665703275529864,2.9739884393063583,3.350915221579961,0
1.41628145865434,1.1841039588999698,1.1925884334643457,1.1906351652114364,2.0,2.381270330422873,2.8287108371854135,0
1.4144067071605784,1.3817214056735014,1.0253020486779898,1.1878575698061653,2.003764222773548,2.380186500128326,2.8250491915476093,0
1.495606439612597,1.315807530663007,1.0147969493514113,1.261337358684481,1.9970495798858316,2.5189532422551473,3.0,1
1.502197689870183,1.2632689167120306,1.0562348505251817,1.1906777500127492,2.004395379740366,2.3865889808852088,2.9998977818665034,0
1.8888549385073716,1.060662433776843,1.2565295306363673,1.1930814747382794,2.5173783515392256,3.003437476128638,3.361087770223818,1
1.2475,1.5060120240480963,1.0645375914836992,1.1136363636363635,2.0,2.227272727272727,2.5,1
1.4129714285714285,1.2591903587171918,1.1241007194244603,1.1909142857142856,2.0,2.381828571428571,2.826,0
1.4900375725833999,1.3355238022465041,1.1940725483464927,1.2562529947292767,2.3761812592508256,2.985084822953433,3.549356711829671,0
1.2602766162753298,1.4199377265070696,1.1192752893809763,1.1226554470709147,2.0029591508523645,2.248633000964941,2.5234480540366677,1
1.25476944135512,1.4211495193291062,1.1215697562847822,1.1216528359996578,2.0,2.2433056719993156,2.5094533321926598,1
1.504631521591064,1.1193246118328732,1.187527803615481,1.1904032148208692,2.0,2.3808064296417384,3.0123280207056258,0
1.1855210132412206,1.4172635668325848,1.189081148992062,1.0117423878589953,1.997889080790635,2.0213490692765306,2.373200921128382,1
1.336060606060606,1.0577455205261965,1.124753409383309,1.2617150264994093,1.5895151515151513,2.0055151515151515,2.1184848484848486,1
1.5892726830454875,1.122445855973062,1.1242244494443308,1.2641154709200073,2.005473120895159,2.535149598637801,3.0109462417903186,1
1.2554204660587638,1.3333871358243887,1.1947100835249969,1.1211814174983536,1.9998986828774061,2.2422492401215806,2.5109422492401214,1
1.4986857142857142,1.1213253517367598,1.191642014349349,1.1893850763304323,2.0025714285714287,2.381828571428571,3.0,0
1.5097925525061202,1.3283976957542138,1.1899392888117952,1.2488122233020194,2.3865481252415925,2.9803504703002193,3.0168148434480093,0
1.3352575203643129,1.3122298011336344,1.0183029504356103,1.1192752893809763,1.7842344942595088,1.9970495798858316,2.0291193637354885,0
1.6922936782656222,1.1865647540101194,1.1209853021230267,1.125895350248877,2.250956458371288,2.5343414100929134,3.0161231554017127,1
1.389735916204958,1.0198172506111047,1.0933942074475675,1.0249230126833342,1.5496420916407165,1.5882638411453067,2.000040441622518,1
1.7895143132840143,1.1192752893809763,1.2584146968139773,1.1914144249910674,2.5205532325506597,3.00302348021872,3.371437761338051,1
1.121972225212617,1.3347725964306276,1.2587880094888937,1.0583918679687054,1.8851329529551084,1.9952093874475187,2.241576057702659,1
1.4947946089903963,1.194849368318756,1.1198319099905112,1.1877093168704353,2.0000807037365833,2.375514486320717,2.9895892179807926,0
1.4126717263906234,1.2596484069502534,1.1239303549736808,1.186689403400903,2.0,2.373378806801806,2.829714669997118,0
1.331792777300086,1.3333871358243887,1.1263164265827381,1.1892632597130421,2.000107480653482,2.3786543422184003,2.663693035253654,0
1.2623949714578924,1.3325373437658774,1.1871735234681817,1.0160585817060637,1.9970495798858316,2.0291193637354885,2.0932589314348022,0
1.7893969757697212,1.122174709835064,1.1209853021230267,1.2608150216502771,2.250956458371288,2.838039715795227,3.0080160320641283,1
1.2554204660587638,1.3333871358243887,1.1947100835249969,1.1211814174983536,1.9998986828774061,2.2422492401215806,2.5109422492401214,1
1.7835401038661283,1.1231851821895096,1.2585964785943182,1.1924474324131025,2.5212781304096943,3.006491633006348,3.363819965377958,1
1.7882301939958818,1.0633333333333332,1.0518666286691367,1.0295312923327011,2.000108377587515,2.0591741627831364,2.389183916766013,0
1.4130769230769231,1.0867356196697515,1.0315161128736017,1.125895350248877,1.5840384615384617,1.7834615384615387,1.9942948717948719,1
1.6973176379776147,1.054232277869365,1.0245349150714478,1.0933157894736842,1.8332690081049787,2.004341952913933,2.385854882284832,0
1.3400933649651796,1.3375592484723886,1.119545726240287,1.1237510487377012,2.006734522078519,2.255070023723885,2.6768194688911,1
1.4179267129818827,1.1877701988663656,1.187527803615481,1.1934681923443673,2.0,2.3869363846887346,2.8358534259637653,0
1.4176756756756757,1.2565295306363673,1.1241086329843726,1.1877446349034957,2.0024324324324323,2.3783783783783785,2.835405405405405,0
1.5860920399700904,1.2590751296447091,1.1921165497991697,1.3312203757638055,2.38066752770036,3.1691931207939636,4.003058935490449,1
1.4104829923738045,1.4216443529007896,1.2598853003320252,1.120843315764255,2.5263285316547632,2.8316184481297664,2.9946737683089215,1
1.7755956213779778,1.1263825929283773,1.2561171925305858,1.1203810500234952,2.5122343850611717,2.814659798239965,2.995170637475853,1
1.5841907759351168,1.265759914418889,1.2598853003320252,1.1853857211308099,2.5263285316547632,2.9946737683089215,3.173707783561312,1
1.1253287152844589,1.1218010829296097,1.3879687023676457,1.0183029504356103,1.7521647104098519,1.7842344942595088,1.8163042781091656,1
1.795784381478922,1.1137194535308832,1.2695807417645704,1.18557496030846,2.5391614835291407,3.010366275051832,3.1360285648468094,1
1.5058861370215504,1.1203810500234952,1.1871735234681817,1.1897803186022609,2.0029591508523645,2.38308137664844,3.0117722740431008,0
1.5950992894880671,1.2563531494489177,1.2646363636363638,1.1869024512975344,2.5343414100929134,3.0080160320641283,3.18619056294407,1
1.1200883850513979,1.2612145123938587,1.1885817266823082,1.059791160062938,1.6790757997886445,1.779469689691613,1.8013257757709673,1
1.4947946089903963,1.2652521325990713,1.0575208022189033,1.1877093168704353,2.0000807037365833,2.375514486320717,2.9544830925671857,0
1.504155392346347,1.192740122068744,1.1194721249663346,1.2615118125390945,2.0084074217240047,2.5336296868960186,3.0084074217240047,1
1.2627821446599843,1.190337502141511,1.258011897908271,1.0593394859278467,1.8909641595153965,2.003173000649023,2.5223912886709456,1
1.8858999202097342,1.0632215170746449,1.255812631459269,1.1954642161966411,2.518066795850906,3.010258748432691,3.35746038983244,1
1.4874940105414471,1.1932740626207963,1.1290897311305474,1.2536699660498256,2.0041207474844276,2.5125059894585533,2.9374221370388116,1
1.054232277869365,1.188730115934214,1.1897028804717622,1.414229610706524,1.4909328633960548,2.1085214029901658,2.139503155022455,0
1.4117618865030677,1.2576812086233236,1.1251720880010798,1.1853797802408714,1.997795245398773,2.3681460889570554,2.8234758435582825,0
1.1932608695652174,1.5060120240480963,1.0699207645315427,1.0452258465713156,1.9227173913043476,2.009673913043478,2.2656521739130433,0
1.7925572312032114,1.1183876044062462,1.1929862539235847,1.120304844855743,2.3916675707930994,2.6793967668438756,3.018986655093848,0
1.4907566638005156,1.3416726748377794,1.1892632597130421,1.255388369255795,2.3786543422184003,2.9861349957007737,3.934759243336199,0
1.4907566638005156,1.2601297764960346,1.0647099210435977,1.1892632597130421,2.000107480653482,2.3786543422184003,2.9861349957007737,0
1.25476944135512,1.4211495193291062,1.1215697562847822,1.1216528359996578,2.0,2.2433056719993156,2.5094533321926598,1
1.689714966944836,1.12244243473799,1.0545714285714287,1.1945272283933892,2.000108377587515,2.389183916766013,2.8424189877533323,0
1.7895143132840143,1.1192752893809763,1.1897803186022609,1.2601430692401134,2.38308137664844,3.00302348021872,3.371437761338051,0
1.2620369840270225,1.058473961168572,1.1923884626923242,1.2364316008913807,1.5928321978588198,1.9694280643499171,2.0050380717925234,0
1.7697495183044316,1.124251497005988,1.1894443771940444,1.2279157337675555,2.3665703275529864,2.905948940269749,2.9739884393063583,0
1.8910289334018149,1.0205513557557375,1.0363273453093813,1.2607002225646295,2.0,2.521400445129259,2.999914398219483,1
1.2554204660587638,1.2526833992413848,1.2716789073572992,1.026445108668119,1.9998986828774061,2.0527862208713272,2.466869300911854,1
1.4129714285714285,1.2371496744449388,1.0178156974273478,1.1241007194244603,1.7792000000000001,2.0,2.826,1
1.5,1.3383682343517564,1.1895519835841313,1.2562711133472293,2.3880878819086853,3.0000858221764504,4.018795056642636,0
1.4148685403445151,1.1883463625101456,1.1878999209145158,1.1857164472688757,1.9972801450589304,2.3682079177999396,2.8297370806890303,0
1.7755956213779778,1.1263825929283773,1.185393861343636,1.2592458467249106,2.370787722687272,2.9854045932603563,3.546361880231809,0
1.7016595908915477,1.0515422998412336,1.0245349150714478,1.0933157894736842,1.8332690081049787,2.004341952913933,2.385854882284832,0
1.495606439612597,1.124753409383309,1.1871735234681817,1.0160585817060637,1.9970495798858316,2.0291193637354885,2.5189532422551473,0
1.055568181818182,1.3014318010550112,1.022044834146745,1.0180081744971874,1.404034090909091,1.429318181818182,1.7676704545454547,1
1.2620369840270225,1.4133551079658864,1.1240852484272692,1.1230940551653246,2.0050380717925234,2.2518463388103283,2.5215549321577835,1
1.4148685403445151,1.1203810500234952,1.2599611087810272,1.2572249962172795,1.9972801450589304,2.511030522816561,2.8297370806890303,1
1.6887273516328523,1.1313202698361708,1.049349764325061,1.127070029223942,2.004773787566453,2.2595204513399154,2.5284799826407727,1
1.1200883850513979,1.2612145123938587,1.1885817266823082,1.059791160062938,1.6790757997886445,1.779469689691613,1.8013257757709673,1
1.7747035573122532,1.1268916680943406,1.2522677747934932,1.1996276961676986,2.5044086348434176,3.0043579608797,3.1620553359683794,1
1.2633036979770649,1.3370391146922331,1.1873903425127774,1.122900003212232,2.005604947816003,2.2520938023450587,2.5266073959541298,1
1.502197689870183,1.3372346216657593,1.1880724608182371,1.2569813260236424,2.3865889808852088,2.9998977818665034,3.968721251149954,1
1.2541447053186392,1.3355238022465041,1.196532784071404,1.1205948453115286,2.0041207474844276,2.245807379012937,2.5125059894585533,1
1.335327306097478,1.1877927102423131,1.1238160545150646,1.1203569521775607,1.782475698456937,1.9970090408537826,2.38066752770036,1
1.4984705322547751,1.058473961168572,1.1238160545150646,1.1203569521775607,1.782475698456937,1.9970090408537826,2.38066752770036,1
1.6883249769773867,1.1873333333333334,1.190240416517789,1.2631872373273865,2.3859613220096185,3.013915890719329,3.3859613220096185,0
1.3348605172062717,1.2610403477995575,1.186802552393625,1.1234583630618693,1.9977601303196906,2.244400325799226,2.6674811647322336,1
1.689714966944836,1.12244243473799,1.0545714285714287,1.1945272283933892,2.000108377587515,2.389183916766013,2.8424189877533323,0
1.4205291618385478,1.3837264631908095,1.0218117508351345,1.1602403846153846,2.008497489378138,2.3303398995751254,2.3861529548088067,0
1.3333092954496286,1.3365244199253612,1.1241147667030875,1.1871985024119807,2.003173000649023,2.3781639864426336,2.6697915915482806,0
1.1896,1.1877701988663656,1.387875601569135,1.0211842181945334,1.9610285714285716,2.0025714285714287,2.031142857142857,0
1.7697495183044316,1.124251497005988,1.2605011499818424,1.1190338999327765,2.5079479768786124,2.8064788053949905,2.984465317919075,1
1.2610022118831514,1.0564930744571461,1.1246350260491214,1.2579413561392792,1.4982838837617267,1.8847532606208526,1.9966440393562652,1
1.1260146888287592,1.3408284700766677,1.3283976957542138,1.122900003212232,2.005604947816003,2.2520938023450587,2.523772709702358,1
1.790647702854804,1.1194857142857142,1.262161196467766,1.0533020584785862,2.5301340427708996,2.664995395477335,2.8464135884579966,1
1.4986857142857142,1.1230792694551417,1.1867255134951622,1.1885281075668717,1.9974285714285716,2.374,2.9974285714285713,0
1.1200883850513979,1.2612145123938587,1.1885817266823082,1.1235302531826634,1.6790757997886445,1.8864924584494187,1.9126717263906234,1
1.0606060606060606,1.1896,1.336247478143914,1.0571931842691782,1.685939393939394,1.7823636363636362,2.0055151515151515,0
1.5060120240480963,1.330671989354624,1.191909090909091,1.2593242315612845,2.3885953725633087,3.0080160320641283,3.3764802331936603,0
1.2610022118831514,1.3333333333333333,1.187534022863364,1.1222400488960196,1.9966440393562652,2.2407139043551214,2.5254366562428494,1
1.502197689870183,1.3047087642896027,1.0249295921560446,1.2279157337675555,2.008790759480732,2.4666257794132678,2.5243790248390066,1
1.5014984334559325,1.1897028804717622,1.1196095626644298,1.2615788039776596,2.0,2.5231576079553193,2.9999318893883666,1
1.499939474639874,1.1824711484141717,1.1276276276276276,1.2631642658273816,2.0,2.5263285316547632,3.0,1
1.4844984802431611,1.347188097188097,1.1872435280409341,1.2523149135907832,2.374366767983789,2.973454913880446,3.017527862208713,1
1.4874940105414471,1.1932740626207963,1.1290897311305474,1.2536699660498256,2.0041207474844276,2.5125059894585533,2.9374221370388116,1
1.69287919722115,1.0259333143345684,1.0302777777777776,1.120140199514694,1.789367039752991,2.004341952913933,2.530586646082593,1
2.0095475751329066,1.025807148256128,1.1602105263157894,1.262293594628924,2.3916675707930994,3.018986655093848,4.0237604426603015,0
1.193336005038072,1.119410861638841,1.1923884626923242,1.2364316008913807,1.5928321978588198,1.9694280643499171,2.0050380717925234,0
1.2605849867048475,1.1970901617177783,1.257037003569331,1.0543095392135717,1.8969114338310495,1.9999318197313698,2.524169905229427,1
1.5060120240480963,1.1881691163128287,1.122174709835064,1.1895300308473962,2.0080160320641283,2.3885953725633087,3.0161231554017127,0
1.591025247878974,1.231866366848699,1.0249295921560446,1.2566659881945859,2.008790759480732,2.5243790248390066,3.004395379740366,1
1.8933193141378195,1.0233243624247086,1.0341473596326445,1.2587090784321642,2.003639598835328,2.521999352960207,3.0072791976706568,1
1.4982838837617267,1.2579413561392792,1.0593662741289303,1.1222400488960196,1.9966440393562652,2.2407139043551214,2.522080695599115,1
1.785995548707413,1.1198236196319018,1.1906351652114364,1.1846646056510173,2.381270330422873,2.8210066769388806,2.999914398219483,0
1.4130769230769231,1.094765015423698,1.0239506070525837,1.035975881186516,1.5840384615384617,1.641025641025641,1.9942948717948719,1
1.891733987305251,1.05894688679605,1.2585964785943182,1.1924474324131025,2.5212781304096943,3.006491633006348,3.363819965377958,1
1.2541447053186392,1.3355238022465041,1.196532784071404,1.1205948453115286,2.0041207474844276,2.245807379012937,2.5125059894585533,1
1.1943962763530165,1.2624742110491327,1.1894443771940444,1.1217178913087726,1.7935566304645434,2.011864561467555,2.253901615405677,0
1.9896435452793833,1.0605253601258928,1.1885629494349959,1.1858254105445118,2.5079479768786124,2.9739884393063583,3.350915221579961,1
1.5058861370215504,1.2582767311717715,1.0570701069427941,1.2584146968139773,2.0029591508523645,2.5205532325506597,3.0117722740431008,1
1.2597958156589257,1.3333428449136824,1.1906606458792561,1.1217377237759725,2.0,2.243475447551945,3.0032712632108707,1
1.6773114355231142,1.192323964944092,1.119835758098038,1.1872255669729754,2.2395579886455796,2.6588605028386048,3.004460665044607,1
1.4984705322547751,1.058473961168572,1.1238160545150646,1.1203569521775607,1.782475698456937,1.9970090408537826,2.38066752770036,1
1.0569962952408094,1.257373955244001,1.4191182777253624,1.1208787887945362,1.8860644058136224,2.1140495867768596,2.3757195782274154,1
1.2589071353116297,1.2619955755587764,1.2588932209024692,1.0114757640506087,2.000048016901949,2.023000096033804,2.515701526937482,0
1.687495225727599,1.1872255669729754,1.1889274411865636,1.1880251427105382,2.3819417920708883,2.8298067374532123,3.003437476128638,0
1.325937183383992,1.2624742110491327,1.1947100835249969,1.1872435280409341,1.9998986828774061,2.374366767983789,2.6563323201621074,1
1.4104829923738045,1.2574665293511844,1.1276276276276276,1.2631642658273816,2.0,2.5263285316547632,2.8316184481297664,1
1.6973176379776147,1.054232277869365,1.0245349150714478,1.0933157894736842,1.8332690081049787,2.004341952913933,2.385854882284832,0
1.504631521591064,1.1872255669729754,1.1196095626644298,1.1904032148208692,2.0,2.3808064296417384,3.0123280207056258,0
1.5860920399700904,1.2590751296447091,1.1921165497991697,1.3312203757638055,2.38066752770036,3.1691931207939636,4.003058935490449,1
1.781,1.1229646266142617,1.2644545454545455,1.1862822632827665,2.528909090909091,3.0,3.1777272727272727,1
1.2583701151900097,1.4144067071605784,1.126353353898264,1.119321232950274,2.00473678544515,2.243944450425234,2.5167402303800195,1
1.6738402678144428,1.1948,1.1826007939164953,1.1912079912646096,2.365088474414156,2.8173122907699666,2.9999043519846964,0
1.7697495183044316,1.124251497005988,1.1894443771940444,1.1217178913087726,2.3665703275529864,2.654624277456647,2.9739884393063583,0
1.325937183383992,1.5082906701306638,1.2533056385835148,1.059784146489349,2.506484295845998,2.6563323201621074,3.004255319148936,1
1.5014984334559325,1.261873440689499,1.055575526637429,1.1934681923443673,2.0,2.3869363846887346,2.9999318893883666,0
1.4170158498815812,1.414245307276935,1.2646363636363638,1.1182158004456904,2.5343414100929134,2.8339406084897067,3.0080160320641283,1
1.7697495183044316,1.124251497005988,1.2605011499818424,1.158695860943052,2.5079479768786124,2.905948940269749,2.9739884393063583,1
1.504786629888042,1.330673567680253,1.2605207714332018,1.192362911693488,2.5240413218670565,3.009573259776084,3.3581589052950407,1
1.4129714285714285,1.2371496744449388,1.0178156974273478,1.1241007194244603,1.7792000000000001,2.0,2.826,1
1.2633036979770649,1.3370391146922331,1.1873903425127774,1.122900003212232,2.005604947816003,2.2520938023450587,2.5266073959541298,1
1.874397880539499,1.0614840989399292,1.2605011499818424,1.1858254105445118,2.5079479768786124,2.9739884393063583,3.350915221579961,1
1.2653513513513515,1.1883463625101456,1.1846646056510173,1.1241086329843726,1.7813513513513515,2.0024324324324323,2.530702702702703,1
1.5841907759351168,1.1195843203178728,1.1276276276276276,1.2631642658273816,2.0,2.5263285316547632,2.9946737683089215,1
1.9896435452793833,1.0578622442803536,1.1243849410687723,1.2279157337675555,2.3665703275529864,2.905948940269749,2.9739884393063583,0
1.771913826513165,1.1316178835638468,1.255812631459269,1.1193246118328732,2.518066795850906,2.818534138835062,3.010258748432691,1
1.7700637709060283,1.1208619400448643,1.2641154709200073,1.1876799078871618,2.5080014438695706,2.9787029238358804,3.3476115990855497,1
1.2646888287591804,1.3355238022465041,1.1890948621123698,1.1234181783188182,2.0084074217240047,2.2562814070351758,2.529377657518361,1
1.7747035573122532,1.1268916680943406,1.1869457254345512,1.2580906839723338,2.373771156379852,2.986419377723726,3.5449478058173707,0
1.0577455205261965,1.2612145123938587,1.191642014349349,1.256812669425025,1.5897028804717623,1.9979587207983671,2.115491041052393,1
1.504155392346347,1.2625762929649855,1.0575513942601262,1.2615118125390945,2.0084074217240047,2.5336296868960186,3.0084074217240047,1
1.5060120240480963,1.3333333333333333,1.1895300308473962,1.2627183281214247,2.3885953725633087,3.0161231554017127,4.012024048096192,0
1.790647702854804,1.1194857142857142,1.262161196467766,1.187527803615481,2.5301340427708996,3.0046045226644833,3.185920392919267,1
1.4907566638005156,1.1912040374909878,1.1263164265827381,1.1892632597130421,2.000107480653482,2.3786543422184003,2.9861349957007737,0
1.504155392346347,1.3352393189849021,1.1882788817783765,1.2605685131195334,2.3865481252415925,3.0084074217240047,3.3865481252415925,0
1.7970652173913044,1.0618762475049899,1.0531442241968556,1.261993617826816,2.009673913043478,2.5361956521739133,3.009673913043478,1
1.7798471310151793,1.126353353898264,1.2577596391365051,1.1916574161045173,2.5214770158251696,3.00473678544515,3.3588114974701258,1
1.7863571282470851,1.1221159901528597,1.260765306122449,1.1888632592772448,2.527203927183473,3.004499897729597,3.181734506033954,1
1.495606439612597,1.192983960888584,1.1192752893809763,1.0160585817060637,1.9970495798858316,2.0291193637354885,2.3760502854210763,0
1.874397880539499,1.0614840989399292,1.2605011499818424,1.158695860943052,2.5079479768786124,2.905948940269749,2.9739884393063583,1
1.1933785343335257,1.4945300695074042,1.1231851821895096,1.1227451121592913,2.003245816503174,2.2491344489324874,2.3835112521638777,0
1.4844984802431611,1.264127764127764,1.0657056473383004,1.1872435280409341,1.9998986828774061,2.374366767983789,2.973454913880446,0
1.0569962952408094,1.257373955244001,1.4191182777253624,1.1208787887945362,1.8860644058136224,2.1140495867768596,2.3757195782274154,1
1.504944802207912,1.2624742110491327,1.0499939474639874,1.2004842056721237,1.9949402023919043,2.394894204231831,3.009889604415824,0
1.0569962952408094,1.257373955244001,1.3352774680504331,1.1912577081192188,1.77463664861784,2.1140495867768596,2.1451125676831007,1
1.262261973456434,1.4129714285714285,1.1231851821895096,1.1227451121592913,2.003245816503174,2.2491344489324874,2.5212781304096943,1
1.8888549385073716,1.0588425607635377,1.2638835841417768,1.1868181680819558,2.5277671682835536,3.0,3.3680391108395082,1
1.790647702854804,1.1194857142857142,1.190240416517789,1.2631872373273865,2.3859613220096185,3.013915890719329,3.5858999283740918,0
1.5060120240480963,1.1855077723341196,1.1224489795918366,1.191909090909091,2.004008016032064,2.3885953725633087,3.0080160320641283,0
1.495628782784129,1.1255459917780062,1.18807247824226,1.246733595926602,2.0,2.493467191853204,2.5218560860793544,1
1.3347725964306276,1.2587880094888937,1.1726057906458798,1.014050210631407,1.9702072538860105,1.997889080790635,2.0213490692765306,1
1.3382537307396773,1.4120757910005741,1.0252958674856079,1.0094971717213885,1.9375176932098515,1.955918631455494,2.000040441622518,0
1.4957051282051284,1.0590579865426648,1.125895350248877,1.1182158004456904,1.7834615384615387,1.9942948717948719,2.0284615384615385,1
1.1897272727272727,1.2624742110491327,1.186841786708631,1.1219338059054516,1.7826363636363636,2.0,2.2489999999999997,0
1.5060120240480963,1.260751224823081,1.0554596046824025,1.2646363636363638,2.004008016032064,2.5343414100929134,3.0080160320641283,1
1.2583701151900097,1.4144067071605784,1.126353353898264,1.119321232950274,2.00473678544515,2.243944450425234,2.5167402303800195,1
1.4139567699313706,1.2350646405080516,1.0217063943879239,1.1192752893809763,1.7842344942595088,1.9970495798858316,2.0291193637354885,0
1.1919357035826181,1.4986857142857142,1.1196095626644298,1.1269241247786406,2.0,2.253848249557281,2.3095627298733143,0
1.251148985063194,1.2652483355016455,1.2661343978709247,1.252663258969092,2.0043086939869785,2.510723860589813,3.0044044427422443,1
1.4982838837617267,1.1877927102423131,1.1219303132901897,1.1901596760638706,1.9966440393562652,2.376325223095111,2.9525589199908473,0
1.2597142857142856,1.1216602404173284,1.4172766611396448,1.256812669425025,2.0025714285714287,2.516857142857143,2.826,1
1.6773114355231142,1.192323964944092,1.186647741673848,1.1883463625101456,2.3731751824817517,2.820154095701541,3.004460665044607,0
1.7798471310151793,1.126353353898264,1.2577596391365051,1.1916574161045173,2.5214770158251696,3.00473678544515,3.172246743460007,1
1.6956521739130435,1.1225,1.0558506081891381,1.1922764887230246,2.009673913043478,2.396086956521739,2.9565217391304346,0
1.785995548707413,1.1198236196319018,1.2607002225646295,1.1897810218978102,2.521400445129259,2.999914398219483,3.354048964218456,1
1.2602766162753298,1.3387269664641928,1.1871735234681817,1.259859969167523,2.0029591508523645,2.5234480540366677,3.00302348021872,0
1.495628782784129,1.1255459917780062,1.18807247824226,1.246733595926602,2.0,2.493467191853204,2.5218560860793544,1
1.5060120240480963,1.1855077723341196,1.1224489795918366,1.2646363636363638,2.004008016032064,2.5343414100929134,3.0080160320641283,1
1.486470051687443,1.3454012408808893,1.1216236760756093,1.1164776577960511,2.2431336779162865,2.5044086348434176,2.9728387554474507,1
1.4179267129818827,1.4126717263906234,1.191642014349349,1.18807247824226,2.3869363846887346,2.8358534259637653,4.006129955046996,0
1.4900375725833999,1.3355238022465041,1.2662203913491246,1.1846730830057386,2.5197540703632018,2.985084822953433,3.9800751451667993,1
1.5058861370215504,1.1203810500234952,1.1871735234681817,1.2584146968139773,2.0029591508523645,2.5205532325506597,3.0117722740431008,1
1.3358507838425449,1.2588658557478158,1.1922972237343494,1.014895559867595,2.005034901018423,2.034901018423161,2.674219018194301,1
1.2653513513513515,1.1883463625101456,1.2565605003954274,1.059791160062938,1.8894594594594596,2.0024324324324323,2.530702702702703,1
1.5,1.1940725483464927,1.120843315764255,1.1895519835841313,2.0075523515276346,2.3880878819086853,2.94782011671816,0
1.3377287130736994,1.3355238022465041,1.1219247053438608,1.1906777500127492,2.004395379740366,2.3865889808852088,2.675457426147399,0
1.5060120240480963,1.1881691163128287,1.122174709835064,1.1895300308473962,2.0080160320641283,2.3885953725633087,3.0080160320641283,0
1.69287919722115,1.0259333143345684,1.0302777777777776,1.0245349150714478,1.789367039752991,1.8332690081049787,2.004341952913933,1
1.7755956213779778,1.1263825929283773,1.2561171925305858,1.1922337562475969,2.5122343850611717,2.995170637475853,3.161086069972097,1
1.2653513513513515,1.3320517749583494,1.1880251427105382,1.1214738831151303,2.0024324324324323,2.2456756756756757,2.530702702702703,1
1.25476944135512,1.4211495193291062,1.1215697562847822,1.1216528359996578,2.0,2.2433056719993156,2.5094533321926598,1
1.191555097837281,1.1190338999327765,1.1939927054280197,1.257816430676346,1.5920585879391234,2.0025174505092114,2.2463096464126333,0
1.502197689870183,1.3047087642896027,1.0249295921560446,1.2279157337675555,2.008790759480732,2.4666257794132678,2.5243790248390066,1
1.506382058123603,1.3297907989851117,1.2591979264165887,1.1867745439990853,2.5223912886709456,2.9935097713997263,4.012692002596093,1
1.3347725964306276,1.2587880094888937,1.1726057906458798,1.014050210631407,1.9702072538860105,1.997889080790635,2.0213490692765306,1
1.5058861370215504,1.3320517749583494,1.256558270797255,1.1948854065642387,2.5205532325506597,3.0117722740431008,3.0410421357349633,1
1.2610022118831514,1.4112986148914293,1.1219303132901897,1.1222400488960196,1.9966440393562652,2.2407139043551214,2.5254366562428494,1
1.684171093856423,1.060662433776843,1.1196095626644298,1.1934681923443673,2.0,2.3869363846887346,3.3684102983244792,0
1.0577455205261965,1.2612145123938587,1.1885817266823082,1.1235302531826634,1.5856203220684963,1.781492401905194,1.9979587207983671,1
1.499939474639874,1.2526833992413848,1.0644246875402654,1.2631642658273816,2.0,2.5263285316547632,3.0,1
1.3358507838425449,1.1917937296556451,1.257816430676346,1.0124285714285715,2.0025174505092114,2.0274058816798264,2.674219018194301,0
1.2570456288343559,1.3327868227399247,1.1924474324131025,1.1188522623674488,1.997795245398773,2.2352377300613497,2.514139187116564,1
1.7881750821174853,1.1203810500234952,1.2565295306363673,1.1930814747382794,2.5173783515392256,3.003437476128638,3.361087770223818,1
1.337857142857143,1.257646251239417,1.188671235369034,1.1224489795918366,2.0,2.2448979591836733,2.6780102040816325,1
1.7694882831181253,1.1302162162162162,1.1826007939164953,1.2684110486512719,2.365088474414156,2.9999043519846964,3.3433763749402203,0
1.495606439612597,1.124753409383309,1.1871735234681817,1.0160585817060637,1.9970495798858316,2.0291193637354885,2.5189532422551473,1
1.502197689870183,1.3047087642896027,1.0249295921560446,1.185884388357419,2.008790759480732,2.3821936011448432,2.844321782684248,0
1.8858999202097342,1.0632215170746449,1.255812631459269,1.1872255669729754,2.518066795850906,2.9895132793799153,3.7666704662031227,1
1.4179267129818827,1.2598232298972043,1.1196095626644298,1.1934681923443673,2.0,2.3869363846887346,2.8358534259637653,0
1.7863571282470851,1.1221159901528597,1.1246938775510205,1.1209853021230267,2.254448762528124,2.527203927183473,2.8453671507465743,1
1.421059801117014,1.2570456288343559,1.1196095626644298,1.1904032148208692,2.0,2.3808064296417384,2.8389865140988966,0
1.4132121212121214,1.2612145123938587,1.1251997687782653,1.2596174186334652,2.0055151515151515,2.526181818181818,2.8264242424242427,1
1.4210238659136454,1.4130769230769231,1.2621121393576484,1.1182158004456904,2.5343414100929134,2.8339406084897067,3.0080160320641283,1
1.2605849867048475,1.1970901617177783,1.1164776577960511,1.1870422079235967,1.6848026181223157,1.9999318197313698,2.2484488988886615,1
1.504944802207912,1.34217162069229,1.185653287788215,1.2567943916258524,2.394894204231831,3.009889604415824,3.579921803127875,0
1.3361183136464037,1.1890677783368073,1.2588932209024692,1.122128058003025,2.000048016901949,2.244309997118986,2.6701719005089792,0
1.7694882831181253,1.1302162162162162,1.2543402362618967,1.1230792694551417,2.5085604973696793,2.8173122907699666,2.9999043519846964,1
1.415399547072145,1.2623428571428572,1.121406907790503,1.2587090784321642,2.003639598835328,2.521999352960207,2.8271594953089614,1
1.4211000321646832,1.4115250554524468,1.1880251427105382,1.1938723174517478,2.38308137664844,2.845094885815375,3.00302348021872,0
1.7925572312032114,1.1183876044062462,1.1929862539235847,1.120304844855743,2.3916675707930994,2.6793967668438756,3.018986655093848,0
1.4907566638005156,1.1912040374909878,1.1263164265827381,1.1892632597130421,2.000107480653482,2.3786543422184003,2.9861349957007737,0
1.0542904196717588,1.3068138971182333,1.0179300111289724,1.0193553611920958,1.4024646487591572,1.4296098585950368,1.6691464591970016,0
1.495606439612597,1.124753409383309,1.1871735234681817,1.1897803186022609,1.9970495798858316,2.3760502854210763,3.0,0
1.5759874759152215,1.2624742110491327,1.1894443771940444,1.2610930185222877,2.3665703275529864,2.984465317919075,3.151974951830443,1
1.41628145865434,1.337926866122696,1.0554752439465123,1.1225389488101352,2.0,2.2450778976202703,2.8287108371854135,1
1.1217999567318095,1.3399331447672924,1.258011897908271,1.0593394859278467,1.8909641595153965,2.003173000649023,2.243527799812505,1
1.4874940105414471,1.2633036979770649,1.0665000764954866,1.2536699660498256,2.0041207474844276,2.5125059894585533,2.9833253473885963,1
1.1874570315483919,1.5058861370215504,1.1203810500234952,1.1230792694551417,2.0034374761286378,2.250019097089604,2.3784279275838363,0
1.5014984334559325,1.1216602404173284,1.187527803615481,1.174908050674295,2.0,2.34981610134859,2.3869363846887346,0
1.4139567699313706,1.1897028804717622,1.1871735234681817,1.0160585817060637,1.9970495798858316,2.0291193637354885,2.3760502854210763,0
1.5060120240480963,1.260751224823081,1.0554596046824025,1.2646363636363638,2.004008016032064,2.5343414100929134,3.0080160320641283,1
1.1298069122180756,1.3318971707597302,1.2572065272086836,1.0584367316599006,1.8918275731516037,2.002379793390665,2.2548001514413976,1
1.336060606060606,1.0577455205261965,1.124753409383309,1.2617150264994093,1.5895151515151513,2.0055151515151515,2.1184848484848486,1
1.4168989191761265,1.119410861638841,1.1238160545150646,1.1203569521775607,1.782475698456937,1.9970090408537826,2.38066752770036,1
1.3421678996461885,1.3333013803680982,1.1192752893809763,1.1897803186022609,2.0029591508523645,2.38308137664844,2.681376648440013,0
1.7940664862775415,1.1194721249663346,1.1882788817783765,1.2623096857790734,2.3865481252415925,3.0125628140703515,3.5839775802087357,0
1.68884800163549,1.186841786708631,1.1241776735172624,1.120304844855743,2.2532965348052745,2.5243790248390066,3.004395379740366,1
1.3361538461538462,1.119410861638841,1.1923884626923242,1.1182158004456904,1.7834615384615387,1.9942948717948719,2.0284615384615385,0
1.504944802207912,1.1893482081454878,1.1145518792161901,1.2706940281300438,1.9949402023919043,2.534958601655934,3.009889604415824,1
1.0564930744571461,1.1246350260491214,1.2579413561392792,1.3399295860143257,1.4946470694973688,2.0027218290691344,2.0564930744571464,0
1.0591544184358557,1.190337502141511,1.1855210132412206,1.3399295860143257,1.4946470694973688,2.0027218290691344,2.0564930744571464,0
1.499939474639874,1.3018319748204343,1.02690471762445,1.1837609417446422,2.005205180970827,2.373683573417262,2.9946737683089215,0
1.5060120240480963,1.3333333333333333,1.2621121393576484,1.1869024512975344,2.5343414100929134,3.0080160320641283,3.37238112588814,1
1.054232277869365,1.257373955244001,1.192983960888584,1.1895535264936372,1.5813768404297652,1.8811323972485932,1.9328065488033654,1
1.6773114355231142,1.192323964944092,1.186647741673848,1.2582767311717715,2.3731751824817517,2.986111111111111,3.350060827250608,0
1.495606439612597,1.315807530663007,1.0147969493514113,1.261337358684481,1.9970495798858316,2.5189532422551473,3.0,1
1.4211000321646832,1.1872255669729754,1.1871735234681817,1.1897803186022609,2.0029591508523645,2.38308137664844,2.845094885815375,0
1.3361538461538462,1.258011897908271,1.1864464953092821,1.0171322040435857,1.9942948717948719,2.0284615384615385,2.245,1
1.69287919722115,1.0259333143345684,1.0302777777777776,1.120140199514694,1.789367039752991,2.004341952913933,2.530586646082593,1
1.5060120240480963,1.3333333333333333,1.1895300308473962,1.2593242315612845,2.3885953725633087,3.0080160320641283,3.7934049918017854,0
1.2605849867048475,1.4182486884093246,1.1186408359392874,1.1242627757133603,1.9999318197313698,2.2484488988886615,2.524169905229427,1
1.2602456663988062,1.5060120240480963,1.0511099014093026,1.1303947519852686,1.9949489151647342,2.2550797841809205,2.5305935024681436,1
1.5060120240480963,1.330671989354624,1.191909090909091,1.2593242315612845,2.3885953725633087,3.0080160320641283,3.785388959737657,0
1.0606060606060606,1.1896,1.336247478143914,1.0571931842691782,1.685939393939394,1.7823636363636362,2.0055151515151515,0
1.3291806420699568,1.3354001441961068,1.1290897311305474,1.1829484052981398,2.0041207474844276,2.3707714422616197,2.662482031624341,0
1.5860400411298616,1.1237510487377012,1.1206434316353888,1.187087396281267,1.9973386560212907,2.3710155446682393,2.9892941389947376,1
1.8962786156016056,1.0572147843002633,1.1929862539235847,1.262293594628924,2.3916675707930994,3.018986655093848,3.802104806336118,0
1.7895143132840143,1.1192752893809763,1.2584146968139773,1.1914144249910674,2.5205532325506597,3.00302348021872,3.371437761338051,1
1.0569962952408094,1.257373955244001,1.3352774680504331,1.1912577081192188,1.77463664861784,2.1140495867768596,2.3757195782274154,1
1.788506042684495,1.1182158004456904,1.1914435408697888,1.2589904767043463,2.382810491128825,2.9999357161223967,3.57701208536899,0
1.4980311590481084,1.1194857142857142,1.1925884334643457,1.1906351652114364,2.0,2.381270330422873,2.9922102379729503,0
1.4211000321646832,1.4115250554524468,1.1880251427105382,1.1938723174517478,2.38308137664844,2.845094885815375,3.00302348021872,0
1.744944434323192,1.0254750469826686,1.122174709835064,1.2358918526583198,2.0080160320641283,2.481690654035343,2.5343414100929134,1
1.7870647617418085,1.1191536215232898,1.190093250064163,1.2572065272086836,2.380186500128326,2.9923860039353234,3.566515527418941,0
1.4191182777253624,1.0247197123084826,1.1581880916570824,1.0196572708985816,1.6842353546616349,1.7173428252851872,2.0,0
1.4191182777253624,1.0247197123084826,1.1581880916570824,1.0196572708985816,1.6842353546616349,1.7173428252851872,2.0,0
